{"cameraMode":{"drawMode":0,"name":"Shaded","section":"Shading Mode"},"sceneLighting":false,"audioPlay":false,"sceneViewState":{"showFog":false,"showMaterialUpdate":false,"showSkybox":false,"showFlares":false,"showImageEffects":false,"showParticleSystems":true,"showVisualEffectGraphs":true,"m_FxEnabled":true},"in2DMode":false,"pivot":{"x":-31.879730224609376,"y":10.696802139282227,"z":0.02555704116821289},"rotation":{"x":-0.34101662039756777,"y":-0.041264135390520099,"z":0.014859911985695362,"w":-0.9391252398490906},"size":14.886561393737793,"orthographic":true}