{"cameraMode":{"drawMode":0,"name":"Shaded","section":"Shading Mode"},"sceneLighting":false,"audioPlay":false,"sceneViewState":{"showFog":false,"showMaterialUpdate":false,"showSkybox":false,"showFlares":false,"showImageEffects":false,"showParticleSystems":true,"showVisualEffectGraphs":true,"m_FxEnabled":true},"in2DMode":false,"pivot":{"x":12.850000381469727,"y":15.239999771118164,"z":-15.450000762939454},"rotation":{"x":0.3679635226726532,"y":-0.003884967416524887,"z":0.0015616945456713439,"w":0.9298616051673889},"size":3.105198621749878,"orthographic":false}