{"cameraMode":{"drawMode":0,"name":"Shaded","section":"Shading Mode"},"sceneLighting":false,"audioPlay":false,"sceneViewState":{"showFog":false,"showMaterialUpdate":false,"showSkybox":false,"showFlares":false,"showImageEffects":false,"showParticleSystems":true,"showVisualEffectGraphs":true,"m_FxEnabled":true},"in2DMode":false,"pivot":{"x":3.649846076965332,"y":0.8935272097587586,"z":-0.043539077043533328},"rotation":{"x":-0.19703665375709535,"y":0.008622722700238228,"z":-0.0018597691087052227,"w":-0.9805198907852173},"size":1.31100332736969,"orthographic":true}