{"cameraMode":{"drawMode":0,"name":"Shaded","section":"Shading Mode"},"sceneLighting":true,"audioPlay":false,"sceneViewState":{"showFog":false,"showMaterialUpdate":false,"showSkybox":false,"showFlares":false,"showImageEffects":false,"showParticleSystems":true,"showVisualEffectGraphs":true,"m_FxEnabled":true},"in2DMode":false,"pivot":{"x":231.07769775390626,"y":133.97576904296876,"z":2.240966796875},"rotation":{"x":-0.004811333026736975,"y":-0.005675203166902065,"z":0.00012433955271262676,"w":-1.0001853704452515},"size":175.24850463867188,"orthographic":false}