{"cameraMode":{"drawMode":0,"name":"Shaded","section":"Shading Mode"},"sceneLighting":false,"audioPlay":false,"sceneViewState":{"showFog":false,"showMaterialUpdate":false,"showSkybox":false,"showFlares":false,"showImageEffects":false,"showParticleSystems":true,"showVisualEffectGraphs":true,"m_FxEnabled":true},"in2DMode":false,"pivot":{"x":5.7343525886535648,"y":1.2564480304718018,"z":-0.18000781536102296},"rotation":{"x":-0.10662021487951279,"y":0.0087576387450099,"z":-0.0010538515634834767,"w":-0.9944213032722473},"size":1.3315327167510987,"orthographic":false}