{"cameraMode":{"drawMode":0,"name":"Shaded","section":"Shading Mode"},"sceneLighting":false,"audioPlay":false,"sceneViewState":{"showFog":false,"showMaterialUpdate":false,"showSkybox":false,"showFlares":false,"showImageEffects":false,"showParticleSystems":true,"showVisualEffectGraphs":true,"m_FxEnabled":true},"in2DMode":false,"pivot":{"x":17.559999465942384,"y":3.136077642440796,"z":-2.9934544563293459},"rotation":{"x":0.36517077684402468,"y":0.0016908536199480296,"z":-0.0006511422106996179,"w":0.9309566617012024},"size":6.3055949211120609,"orthographic":false}