{"cameraMode":{"drawMode":0,"name":"Shaded","section":"Shading Mode"},"sceneLighting":false,"audioPlay":false,"sceneViewState":{"showFog":false,"showMaterialUpdate":false,"showSkybox":false,"showFlares":false,"showImageEffects":false,"showParticleSystems":true,"showVisualEffectGraphs":true,"m_FxEnabled":true},"in2DMode":false,"pivot":{"x":-0.06250572204589844,"y":5.214090347290039,"z":0.09999847412109375},"rotation":{"x":0.7076688408851624,"y":0.09408581256866455,"z":-0.09594698250293732,"w":0.6937730312347412},"size":14.002564430236817,"orthographic":true}