{"cameraMode":{"drawMode":0,"name":"Shaded","section":"Shading Mode"},"sceneLighting":false,"audioPlay":false,"sceneViewState":{"showFog":false,"showMaterialUpdate":false,"showSkybox":false,"showFlares":false,"showImageEffects":false,"showParticleSystems":true,"showVisualEffectGraphs":true,"m_FxEnabled":true},"in2DMode":false,"pivot":{"x":755.7402954101563,"y":2.1407361030578615,"z":-106.04644012451172},"rotation":{"x":0.36796706914901736,"y":0.006460059899836779,"z":-0.0025574208702892067,"w":0.9298672080039978},"size":18.50990867614746,"orthographic":false}