{"cameraMode":{"drawMode":0,"name":"Shaded","section":"Shading Mode"},"sceneLighting":false,"audioPlay":false,"sceneViewState":{"showFog":false,"showMaterialUpdate":false,"showSkybox":false,"showFlares":false,"showImageEffects":false,"showParticleSystems":true},"in2DMode":false,"pivot":{"x":-1.876770257949829,"y":1.2918412685394288,"z":1.9897880554199219},"rotation":{"x":-0.24932970106601716,"y":-0.048788055777549747,"z":0.012578332796692849,"w":-0.9671071767807007},"size":6.0902838706970219,"orthographic":false}