{"cameraMode":{"drawMode":0,"name":"Shaded","section":"Shading Mode"},"sceneLighting":false,"audioPlay":false,"sceneViewState":{"showFog":false,"showMaterialUpdate":false,"showSkybox":false,"showFlares":false,"showImageEffects":false,"showParticleSystems":true},"in2DMode":false,"pivot":{"x":-42.00614929199219,"y":6.695304870605469,"z":-37.78768539428711},"rotation":{"x":-0.4875861704349518,"y":-0.002615084871649742,"z":0.0014585900353267789,"w":-0.8730697631835938},"size":55.06340026855469,"orthographic":false}