{"cameraMode":{"drawMode":0,"name":"Shaded","section":"Shading Mode"},"sceneLighting":false,"audioPlay":false,"sceneViewState":{"showFog":false,"showMaterialUpdate":false,"showSkybox":false,"showFlares":false,"showImageEffects":false,"showParticleSystems":true},"in2DMode":false,"pivot":{"x":246.79061889648438,"y":6.081117630004883,"z":174.88796997070313},"rotation":{"x":-0.27288854122161868,"y":-0.09591439366340637,"z":0.02735421061515808,"w":-0.9568615555763245},"size":39.811065673828128,"orthographic":false}