{"cameraMode":{"drawMode":0,"name":"Shaded","section":"Shading Mode"},"sceneLighting":false,"audioPlay":false,"sceneViewState":{"showFog":false,"showMaterialUpdate":false,"showSkybox":false,"showFlares":false,"showImageEffects":false,"showParticleSystems":true},"in2DMode":false,"pivot":{"x":2.155797004699707,"y":-0.9375414848327637,"z":-0.6409225463867188},"rotation":{"x":0.33432477712631228,"y":0.31691402196884158,"z":-0.1204879879951477,"w":0.8793606758117676},"size":10.798660278320313,"orthographic":false}