{"cameraMode":{"drawMode":0,"name":"Shaded","section":"Shading Mode"},"sceneLighting":false,"audioPlay":false,"sceneViewState":{"showFog":false,"showMaterialUpdate":false,"showSkybox":false,"showFlares":false,"showImageEffects":false,"showParticleSystems":true},"in2DMode":false,"pivot":{"x":0.0,"y":0.8963674306869507,"z":-0.006636381149291992},"rotation":{"x":-0.04846018925309181,"y":-0.8993430733680725,"z":0.42210695147514346,"w":-0.1032445952296257},"size":4.672729015350342,"orthographic":false}