{"cameraMode":{"drawMode":0,"name":"Shaded","section":"Shading Mode"},"sceneLighting":false,"audioPlay":false,"sceneViewState":{"showFog":false,"showMaterialUpdate":false,"showSkybox":false,"showFlares":false,"showImageEffects":false,"showParticleSystems":true},"in2DMode":false,"pivot":{"x":-6.111788272857666,"y":1.5839978456497193,"z":21.913543701171876},"rotation":{"x":-0.09168955683708191,"y":-0.005382803734391928,"z":0.000496009539347142,"w":-0.9957730174064636},"size":5.07830810546875,"orthographic":false}