{"cameraMode":{"drawMode":0,"name":"Shaded","section":"Shading Mode"},"sceneLighting":true,"audioPlay":false,"sceneViewState":{"showFog":false,"showMaterialUpdate":false,"showSkybox":false,"showFlares":false,"showImageEffects":false,"showParticleSystems":true},"in2DMode":false,"pivot":{"x":672.9398193359375,"y":102.56170654296875,"z":-29.533203125},"rotation":{"x":0.1145821064710617,"y":-0.003572066780179739,"z":0.0004149717860855162,"w":0.9934073090553284},"size":698.3990478515625,"orthographic":false}