{"cameraMode":{"drawMode":0,"name":"Shaded","section":"Shading Mode"},"sceneLighting":false,"audioPlay":false,"sceneViewState":{"showFog":false,"showMaterialUpdate":false,"showSkybox":false,"showFlares":false,"showImageEffects":false,"showParticleSystems":true},"in2DMode":false,"pivot":{"x":-33.97643280029297,"y":1.2918412685394288,"z":-26.760211944580079},"rotation":{"x":0.07875009626150131,"y":0.0038907488342374565,"z":-0.0003044372424483299,"w":0.9968867897987366},"size":6.090283393859863,"orthographic":false}