{"cameraMode":{"drawMode":0,"name":"Shaded","section":"Shading Mode"},"sceneLighting":false,"audioPlay":false,"sceneViewState":{"showFog":false,"showMaterialUpdate":false,"showSkybox":false,"showFlares":false,"showImageEffects":false,"showParticleSystems":true},"in2DMode":false,"pivot":{"x":774.9893798828125,"y":8.729354858398438,"z":-134.60964965820313},"rotation":{"x":0.25262245535850527,"y":0.05572390556335449,"z":-0.014574925415217877,"w":0.9658490419387817},"size":48.90425491333008,"orthographic":false}