{"cameraMode":{"drawMode":0,"name":"Shaded","section":"Shading Mode"},"sceneLighting":false,"audioPlay":false,"sceneViewState":{"showFog":false,"showMaterialUpdate":false,"showSkybox":false,"showFlares":false,"showImageEffects":false,"showParticleSystems":true},"in2DMode":false,"pivot":{"x":1.3934297561645508,"y":-0.8242950439453125,"z":5.603431701660156},"rotation":{"x":-0.1505792737007141,"y":-0.7924234867095947,"z":0.21702542901039124,"w":-0.5498097538948059},"size":19.23406410217285,"orthographic":false}