{"cameraMode":{"drawMode":0,"name":"Shaded","section":"Shading Mode"},"sceneLighting":false,"audioPlay":false,"sceneViewState":{"showFog":false,"showMaterialUpdate":false,"showSkybox":false,"showFlares":false,"showImageEffects":false,"showParticleSystems":true,"showVisualEffectGraphs":true,"m_FxEnabled":true},"in2DMode":false,"pivot":{"x":807.6570434570313,"y":0.7986024022102356,"z":-131.3998565673828},"rotation":{"x":0.004183133598417044,"y":-0.033179715275764468,"z":-0.0002541558351367712,"w":-0.9996010065078735},"size":1.1615732908248902,"orthographic":false}